Num_Acc,senc,catv,occutc,obs,obsm,choc,manv,num_veh
201200007581,0,7,0,6.0,0.0,1.0,1.0,A01
201200034270,0,7,0,6.0,0.0,1.0,14.0,A01
201200026941,0,10,0,0.0,2.0,1.0,9.0,A01
201200040845,0,1,0,0.0,2.0,1.0,1.0,B01
201200016161,0,7,0,0.0,2.0,6.0,1.0,B01
201200013943,0,7,0,0.0,2.0,4.0,0.0,B01
201200048736,0,33,0,0.0,2.0,3.0,1.0,B01
201200027945,0,33,0,0.0,0.0,9.0,23.0,B01
201200019434,0,15,0,0.0,0.0,3.0,17.0,A01
201200049874,0,7,0,4.0,0.0,2.0,1.0,A01
201200006675,0,7,0,0.0,2.0,4.0,19.0,B02
201200023441,0,7,0,0.0,2.0,3.0,16.0,A01
201200046838,0,37,0,0.0,9.0,5.0,1.0,B01
201200012460,0,10,0,0.0,2.0,4.0,1.0,N14
201200024383,0,7,0,0.0,2.0,1.0,1.0,B01
201200060062,0,7,0,4.0,2.0,5.0,14.0,A01
201200021798,0,1,0,0.0,2.0,1.0,1.0,B01
201200044991,0,30,0,0.0,2.0,1.0,2.0,B01
201200024931,0,7,0,0.0,2.0,7.0,1.0,B01
201200033574,0,7,0,0.0,1.0,3.0,1.0,A01
201200054716,0,1,0,0.0,0.0,3.0,21.0,A01
201200007467,0,7,0,0.0,2.0,3.0,13.0,A01
201200017253,0,7,0,13.0,0.0,1.0,1.0,A01
201200049498,0,31,0,0.0,0.0,0.0,2.0,A01
201200035001,0,33,0,0.0,2.0,1.0,17.0,A01
201200054941,0,7,0,0.0,2.0,3.0,13.0,A01
201200048498,0,7,0,0.0,2.0,4.0,23.0,B01
201200060550,0,31,0,0.0,2.0,1.0,1.0,A01
201200003352,0,7,0,1.0,1.0,1.0,2.0,A01
201200011566,0,7,0,0.0,2.0,1.0,2.0,A01
201200045258,0,37,25,0.0,1.0,7.0,7.0,A01
201200006594,0,30,0,0.0,2.0,2.0,16.0,B02
201200027785,0,7,0,0.0,1.0,1.0,1.0,A01
201200010536,0,7,0,0.0,2.0,5.0,15.0,B01
201200021000,0,7,0,0.0,0.0,8.0,17.0,A01
201200052256,0,7,0,0.0,2.0,4.0,2.0,B01
201200015000,0,7,0,0.0,2.0,1.0,1.0,A01
201200042268,0,10,0,0.0,2.0,8.0,1.0,C01
201200001611,0,7,0,13.0,0.0,1.0,13.0,A01
201200001846,0,7,0,0.0,2.0,1.0,13.0,A01
201200043463,1,7,0,0.0,2.0,6.0,1.0,A01
201200001116,0,7,0,6.0,0.0,1.0,1.0,A01
201200037874,0,1,0,0.0,0.0,0.0,21.0,B01
201200017756,0,7,0,0.0,2.0,4.0,1.0,B02
201200012853,0,30,0,0.0,2.0,0.0,0.0,B01
201200032035,2,7,0,1.0,0.0,1.0,1.0,A01
201200060177,0,33,0,0.0,2.0,1.0,2.0,A01
201200029172,0,7,0,0.0,0.0,5.0,10.0,A01
201200002929,0,33,0,14.0,0.0,7.0,14.0,A01
201200062049,0,7,0,0.0,1.0,0.0,1.0,A01
201200060736,0,1,0,0.0,2.0,1.0,1.0,B02
201200014164,0,7,0,0.0,2.0,6.0,0.0,B01
201200028037,0,7,0,0.0,2.0,1.0,2.0,C01
201200043609,0,30,0,0.0,0.0,0.0,1.0,A01
201200012318,0,7,0,8.0,0.0,3.0,16.0,A01
201200005563,0,33,0,0.0,0.0,8.0,1.0,B02
201200055595,1,32,0,0.0,1.0,0.0,1.0,Z01
201200004009,0,10,0,0.0,2.0,3.0,15.0,B02
201200027457,0,30,0,1.0,0.0,1.0,1.0,A01
201200042355,0,33,0,0.0,2.0,1.0,1.0,B01
201200025413,0,7,0,0.0,1.0,1.0,1.0,A01
201200006278,0,7,0,0.0,2.0,2.0,1.0,A01
201200028066,1,7,0,0.0,2.0,0.0,0.0,Z01
201200029420,0,7,0,0.0,2.0,3.0,0.0,A01
201200012157,0,17,0,0.0,2.0,3.0,1.0,B02
201200029182,0,7,0,0.0,1.0,1.0,1.0,A01
201200054019,0,32,0,0.0,2.0,8.0,10.0,B01
201200056090,0,30,0,0.0,2.0,1.0,17.0,B01
201200035113,0,7,0,0.0,2.0,4.0,2.0,B01
201200034757,0,30,0,0.0,2.0,8.0,1.0,B01
201200014280,0,7,0,0.0,2.0,1.0,1.0,A01
201200041387,0,7,0,0.0,2.0,3.0,1.0,B01
201200026603,0,7,0,0.0,2.0,1.0,1.0,A01
201200052065,0,7,0,14.0,0.0,1.0,2.0,B01
201200020375,0,2,0,0.0,2.0,1.0,1.0,A01
201200024533,0,7,0,0.0,0.0,0.0,0.0,A01
201200008342,0,7,0,0.0,2.0,3.0,13.0,A01
201200003035,0,7,0,15.0,1.0,3.0,13.0,A01
201200017614,0,31,0,0.0,2.0,7.0,1.0,A01
201200035743,0,3,0,14.0,0.0,1.0,1.0,A01
201200036201,0,10,0,0.0,1.0,4.0,20.0,A01
201200033451,0,7,0,0.0,1.0,3.0,1.0,A01
201200011439,0,10,0,0.0,2.0,1.0,2.0,A01
201200001319,0,30,0,2.0,0.0,2.0,1.0,A01
201200051906,0,7,0,0.0,0.0,6.0,0.0,B01
201200043426,0,2,0,0.0,2.0,6.0,23.0,B01
201200024313,0,7,0,0.0,2.0,4.0,15.0,B01
201200050905,0,7,0,0.0,2.0,4.0,2.0,B01
201200002335,0,14,0,0.0,2.0,6.0,13.0,A01
201200019421,0,7,0,0.0,2.0,3.0,1.0,B02
201200033485,0,7,0,0.0,1.0,4.0,4.0,A01
201200018336,0,10,0,0.0,2.0,1.0,2.0,C01
201200045522,0,7,0,0.0,2.0,1.0,1.0,A01
201200035756,0,7,0,0.0,2.0,2.0,1.0,B01
201200043008,0,30,0,0.0,0.0,7.0,0.0,A01
201200036780,0,30,0,0.0,2.0,1.0,21.0,B01
201200056723,0,32,0,0.0,2.0,2.0,17.0,B01
201200052506,0,10,0,4.0,2.0,7.0,12.0,B01
201200024617,0,7,0,0.0,2.0,7.0,19.0,A01
201200047307,0,7,0,0.0,2.0,3.0,15.0,A01
201200061949,0,7,0,0.0,2.0,2.0,2.0,A01
201200000611,0,7,0,0.0,2.0,8.0,15.0,B02
201200007152,0,7,0,0.0,2.0,6.0,5.0,B02
201200029843,0,7,0,0.0,2.0,7.0,15.0,A01
201200032901,0,30,0,0.0,2.0,1.0,0.0,B01
201200051446,0,10,0,8.0,2.0,1.0,2.0,A01
201200016072,0,7,0,0.0,2.0,1.0,1.0,A01
201200021455,0,7,0,0.0,2.0,0.0,17.0,A01
201200009833,0,14,0,0.0,2.0,3.0,1.0,B02
201200019233,0,7,0,2.0,2.0,1.0,14.0,A01
201200034517,0,7,0,0.0,9.0,1.0,9.0,A01
201200018897,0,7,0,0.0,2.0,9.0,1.0,B02
201200014433,0,7,0,0.0,1.0,1.0,0.0,A01
201200029135,0,2,0,0.0,2.0,8.0,1.0,B01
201200002228,0,7,0,0.0,2.0,3.0,13.0,A01
201200018915,0,7,0,0.0,2.0,2.0,1.0,D04
201200043957,0,7,0,0.0,2.0,2.0,0.0,A01
201200003860,0,33,0,0.0,2.0,1.0,1.0,A01
201200037923,0,7,0,2.0,0.0,7.0,1.0,A01
201200041829,0,7,0,0.0,1.0,1.0,9.0,A01
201200029908,0,7,0,0.0,2.0,3.0,1.0,B01
201200052160,0,7,0,0.0,2.0,5.0,1.0,A01
201200023233,0,7,0,0.0,0.0,9.0,1.0,A01
201200058043,0,10,0,0.0,2.0,7.0,1.0,B01
201200051027,0,31,0,0.0,2.0,1.0,3.0,B01
201200051681,0,7,0,0.0,1.0,0.0,2.0,A01
201200015638,0,7,0,0.0,2.0,1.0,1.0,B01
201200016666,1,7,0,0.0,1.0,0.0,1.0,Z01
201200006317,0,7,0,0.0,2.0,2.0,1.0,A01
201200039276,0,7,0,0.0,2.0,1.0,15.0,A01
201200024117,2,7,0,0.0,1.0,0.0,0.0,Z01
201200042334,0,30,0,0.0,0.0,8.0,2.0,A01
201200055263,0,7,0,0.0,1.0,7.0,15.0,A01
201200024752,0,40,0,0.0,1.0,1.0,1.0,A01
201200032882,0,10,0,0.0,0.0,2.0,2.0,A01
201200026652,0,31,0,0.0,2.0,1.0,1.0,A01
201200016814,0,7,0,0.0,1.0,1.0,1.0,A01
201200019764,0,7,0,3.0,0.0,1.0,14.0,A01
201200028668,0,2,0,0.0,2.0,2.0,1.0,B01
201200004243,0,33,0,0.0,2.0,9.0,1.0,C03
201200055072,0,32,0,0.0,2.0,1.0,2.0,A01
201200050895,0,15,0,13.0,0.0,2.0,1.0,A01
201200022211,0,7,0,0.0,2.0,3.0,1.0,B01
201200042211,0,33,0,0.0,2.0,7.0,1.0,A01
201200009832,0,33,0,8.0,0.0,1.0,1.0,A01
201200016956,0,33,0,0.0,0.0,8.0,2.0,A01
201200062206,0,7,0,0.0,2.0,4.0,1.0,B01
201200002501,0,7,0,0.0,2.0,1.0,13.0,A01
201200008194,0,7,0,0.0,1.0,2.0,1.0,A01
201200003818,0,7,0,0.0,0.0,8.0,15.0,B02
201200006560,0,7,0,0.0,2.0,3.0,13.0,A01
201200044742,0,10,0,2.0,0.0,7.0,1.0,A01
201200017690,0,1,0,0.0,2.0,3.0,1.0,A01
201200034748,0,10,0,0.0,2.0,4.0,23.0,B01
201200061600,0,7,0,0.0,2.0,3.0,15.0,A01
201200022039,0,7,0,3.0,0.0,3.0,1.0,A01
201200003771,0,7,0,0.0,2.0,1.0,1.0,A01
201200049125,0,7,0,0.0,2.0,8.0,11.0,A01
201200022000,0,7,0,0.0,2.0,3.0,9.0,A01
201200049494,0,7,0,0.0,2.0,8.0,11.0,A01
201200026462,0,31,0,0.0,2.0,7.0,1.0,A01
201200054775,0,33,0,0.0,2.0,1.0,2.0,A01
201200040502,0,14,0,0.0,2.0,1.0,0.0,A01
201200051403,0,7,0,0.0,2.0,5.0,12.0,B01
201200013461,0,7,0,0.0,2.0,1.0,2.0,A01
201200013322,0,33,0,0.0,2.0,1.0,2.0,A01
201200019176,0,1,0,0.0,2.0,1.0,13.0,B02
201200032778,0,14,0,0.0,0.0,4.0,4.0,A01
201200030211,0,7,0,15.0,0.0,3.0,14.0,A01
201200046773,0,33,0,8.0,2.0,3.0,1.0,B01
201200054476,0,33,0,0.0,2.0,8.0,1.0,B01
201200004682,0,2,0,0.0,2.0,1.0,1.0,B02
201200030153,0,7,0,0.0,1.0,3.0,15.0,A01
201200035331,0,30,0,0.0,2.0,7.0,1.0,A01
201200014169,0,7,0,0.0,0.0,1.0,15.0,A01
201200017380,0,7,0,0.0,2.0,6.0,23.0,B02
201200051204,0,32,0,0.0,2.0,1.0,1.0,B01
201200036951,0,7,0,0.0,1.0,1.0,1.0,A01
201200032842,0,1,0,0.0,0.0,3.0,2.0,B01
201200059775,0,7,0,0.0,1.0,7.0,1.0,A01
201200008711,0,7,0,0.0,2.0,8.0,15.0,B02
201200006410,0,7,0,3.0,0.0,3.0,1.0,B02
201200054366,0,7,0,0.0,1.0,6.0,4.0,A01
201200061960,0,7,0,0.0,2.0,3.0,1.0,A01
201200036512,0,33,0,0.0,2.0,2.0,21.0,A01
201200032994,0,7,0,0.0,2.0,2.0,15.0,A01
201200044316,0,7,0,0.0,2.0,8.0,15.0,B01
201200046990,0,7,0,0.0,2.0,3.0,15.0,A01
201200014904,0,7,0,0.0,2.0,3.0,15.0,B01
201200050542,0,7,0,0.0,2.0,4.0,2.0,C01
201200023491,0,7,0,0.0,0.0,0.0,9.0,A01
201200014077,0,7,0,0.0,0.0,6.0,15.0,B01
201200034869,1,7,0,0.0,2.0,1.0,15.0,A01
201200045257,0,33,0,12.0,2.0,2.0,1.0,A01
201200060169,0,7,0,0.0,2.0,1.0,2.0,A01
201200056692,0,14,0,0.0,1.0,1.0,16.0,A01
201200008297,0,7,0,13.0,0.0,3.0,15.0,A01
201200000548,0,7,0,0.0,2.0,3.0,1.0,B02
201200001151,0,7,0,0.0,2.0,1.0,19.0,A01
201200020208,0,33,0,0.0,2.0,1.0,1.0,B02
201200037818,0,7,0,0.0,2.0,6.0,5.0,A01
201200050671,0,7,0,0.0,2.0,4.0,1.0,D01
201200057172,0,33,0,0.0,1.0,1.0,1.0,A01
201200052315,0,7,0,0.0,2.0,4.0,2.0,B01
201200028616,0,7,0,0.0,2.0,1.0,1.0,B01
201200024374,0,7,0,0.0,2.0,0.0,0.0,E01
201200015946,0,7,0,0.0,2.0,4.0,2.0,C01
201200006597,0,7,0,0.0,1.0,2.0,1.0,A01
201200032087,0,7,0,0.0,0.0,4.0,1.0,B01
201200053243,0,7,0,2.0,0.0,1.0,1.0,A01
201200059779,0,31,0,0.0,2.0,7.0,1.0,B01
201200008309,0,10,0,0.0,2.0,1.0,19.0,A01
201200019388,0,31,0,0.0,2.0,2.0,1.0,B02
201200006415,0,7,0,0.0,0.0,2.0,1.0,A01
201200028115,0,7,0,9.0,0.0,2.0,2.0,A01
201200016328,0,32,0,15.0,0.0,7.0,14.0,A01
201200048336,0,7,0,0.0,2.0,1.0,1.0,B01
201200022020,0,7,0,0.0,2.0,1.0,1.0,B01
201200061379,0,7,0,0.0,2.0,4.0,2.0,B01
201200012962,0,7,0,0.0,0.0,4.0,2.0,B02
201200002585,0,7,0,0.0,1.0,2.0,17.0,A01
201200017174,0,7,0,0.0,2.0,4.0,2.0,C01
201200026953,0,7,0,0.0,2.0,3.0,15.0,B01
201200007221,0,7,0,6.0,0.0,1.0,13.0,A01
201200048544,0,7,0,0.0,2.0,1.0,15.0,A01
201200016876,0,7,0,0.0,2.0,5.0,1.0,B01
201200035197,0,7,0,0.0,2.0,1.0,1.0,A01
201200043263,0,7,0,0.0,1.0,1.0,1.0,A01
201200050320,0,10,0,0.0,0.0,5.0,2.0,B01
201200028204,0,7,0,0.0,2.0,1.0,0.0,A01
201200059702,0,15,0,0.0,9.0,1.0,16.0,B01
201200039746,0,7,0,0.0,2.0,8.0,15.0,B01
201200044972,2,1,0,0.0,1.0,2.0,1.0,B01
201200036022,0,7,0,0.0,2.0,2.0,15.0,A01
201200004306,0,7,0,0.0,2.0,3.0,1.0,B02
201200035338,0,7,0,0.0,2.0,3.0,1.0,C01
201200005799,0,30,0,0.0,2.0,7.0,16.0,A01
201200054843,0,32,0,0.0,2.0,8.0,1.0,B01
201200048929,0,32,0,0.0,2.0,1.0,2.0,B01
201200024288,0,7,0,0.0,2.0,1.0,1.0,A01
201200023835,0,7,0,13.0,0.0,9.0,0.0,A01
201200000307,0,7,0,0.0,2.0,2.0,19.0,A01
201200062046,0,7,0,0.0,2.0,3.0,13.0,A01
201200007093,0,1,0,0.0,2.0,8.0,1.0,B02
201200022625,0,7,0,4.0,0.0,1.0,1.0,A01
201200051204,0,7,0,0.0,2.0,2.0,11.0,A01
201200005487,0,33,0,0.0,2.0,8.0,1.0,A01
201200038641,0,7,0,0.0,2.0,1.0,1.0,B01
201200016027,0,7,0,0.0,2.0,2.0,0.0,A01
201200031617,0,7,0,0.0,2.0,1.0,1.0,A01
201200013261,0,7,0,0.0,2.0,1.0,1.0,B01
201200006676,0,30,0,0.0,0.0,8.0,15.0,A01
201200017773,0,7,0,0.0,2.0,7.0,1.0,A01
201200028083,0,7,0,0.0,2.0,1.0,2.0,A01
201200055911,0,7,0,1.0,2.0,1.0,1.0,A01
201200050548,0,10,0,0.0,2.0,1.0,1.0,A01
201200041286,0,7,0,0.0,2.0,4.0,2.0,B01
201200012802,0,33,0,15.0,2.0,2.0,17.0,B02
201200025020,0,10,0,0.0,2.0,1.0,15.0,A01
201200018150,0,14,0,0.0,2.0,3.0,13.0,A01
201200012133,0,7,0,13.0,0.0,1.0,1.0,A01
201200027409,0,7,0,0.0,2.0,0.0,15.0,A01
201200035044,0,7,0,0.0,2.0,1.0,1.0,B01
201200036122,0,7,0,0.0,1.0,7.0,0.0,A01
201200001563,0,7,0,0.0,2.0,2.0,1.0,B02
201200042281,0,7,0,0.0,2.0,1.0,2.0,A01
201200011702,0,31,0,0.0,2.0,1.0,1.0,A01
201200049048,0,7,0,0.0,2.0,1.0,2.0,C01
201200027261,0,10,0,0.0,2.0,4.0,23.0,B01
201200050279,0,33,0,0.0,2.0,1.0,3.0,A01
201200016634,0,7,0,0.0,2.0,3.0,15.0,B01
201200001381,0,14,0,0.0,2.0,3.0,15.0,A01
201200058452,0,33,0,0.0,2.0,1.0,1.0,A01
201200025606,0,7,0,0.0,2.0,0.0,24.0,C01
201200004091,0,33,0,0.0,2.0,1.0,17.0,A01
201200006975,0,7,0,0.0,2.0,5.0,13.0,B02
201200047404,0,7,0,0.0,2.0,7.0,1.0,A01
201200045972,0,7,0,0.0,2.0,5.0,15.0,A01
201200017654,0,10,0,0.0,0.0,1.0,0.0,A01
201200005505,0,30,0,0.0,2.0,1.0,1.0,B02
201200028685,0,33,0,8.0,0.0,1.0,0.0,A01
201200008064,0,7,0,0.0,2.0,3.0,1.0,C03
201200013795,0,14,0,0.0,0.0,3.0,2.0,B01
201200001419,0,7,0,0.0,2.0,3.0,9.0,A01
201200005823,0,7,0,0.0,2.0,1.0,13.0,A01
201200003715,0,14,0,0.0,2.0,1.0,1.0,A01
201200045979,0,33,0,0.0,2.0,1.0,1.0,B01
201200015311,0,2,0,0.0,2.0,4.0,2.0,B01
201200042143,0,33,0,0.0,0.0,0.0,0.0,B01
201200022207,0,33,0,0.0,0.0,4.0,23.0,B01
201200040345,1,7,0,0.0,0.0,0.0,17.0,A01
201200030298,0,10,0,5.0,0.0,1.0,1.0,A01
201200049164,0,15,0,0.0,2.0,2.0,0.0,B01
201200038946,0,7,0,0.0,2.0,6.0,4.0,A01
201200014977,0,7,0,0.0,2.0,3.0,2.0,B01
201200010248,0,33,0,0.0,2.0,1.0,2.0,A01
201200043430,0,7,0,0.0,2.0,4.0,23.0,B01
201200015083,0,1,0,0.0,2.0,1.0,1.0,B01
201200061444,0,7,0,0.0,2.0,1.0,2.0,A01
201200049615,0,33,0,4.0,0.0,1.0,0.0,A01
201200021390,0,33,0,0.0,0.0,1.0,1.0,A01
201200037901,0,7,0,0.0,0.0,8.0,15.0,B01
201200001632,0,7,0,13.0,0.0,3.0,1.0,A01
201200001453,0,33,0,0.0,2.0,1.0,1.0,B02
201200001658,0,7,0,0.0,2.0,1.0,1.0,A01
201200008461,0,33,0,0.0,2.0,1.0,13.0,A01
201200033136,0,7,0,0.0,1.0,1.0,1.0,A01
201200003859,0,7,0,0.0,2.0,1.0,1.0,B02
201200046609,0,7,0,0.0,2.0,4.0,23.0,B01
201200049283,0,7,0,4.0,2.0,9.0,1.0,A01
201200011634,0,7,0,0.0,2.0,1.0,1.0,A01
201200025412,0,2,0,0.0,2.0,7.0,1.0,A01
201200032366,0,30,0,0.0,2.0,3.0,1.0,A01
201200013606,0,7,0,0.0,2.0,0.0,0.0,A01
201200057115,0,37,1,0.0,9.0,3.0,23.0,B01
201200048083,0,7,0,0.0,2.0,3.0,1.0,B01
201200043407,0,30,0,0.0,2.0,2.0,2.0,B01
201200034898,0,7,0,0.0,2.0,1.0,1.0,A01
201200014753,0,2,0,0.0,2.0,2.0,15.0,A01
201200019022,0,7,0,6.0,0.0,1.0,1.0,A01
201200011886,0,10,0,0.0,2.0,4.0,1.0,C01
201200014790,0,30,0,0.0,2.0,1.0,2.0,A01
201200060539,0,7,0,0.0,2.0,1.0,16.0,A01
201200045775,0,33,0,0.0,2.0,1.0,17.0,B01
201200043504,0,7,0,9.0,0.0,4.0,2.0,B01
201200018351,0,30,0,0.0,2.0,1.0,15.0,A01
201200020824,0,2,0,16.0,0.0,0.0,1.0,A01
201200055551,0,37,1,0.0,1.0,2.0,1.0,A01
201200037366,0,7,0,15.0,2.0,0.0,0.0,A01
201200003954,0,7,0,0.0,2.0,0.0,9.0,A01
201200021073,0,15,0,4.0,0.0,1.0,13.0,A01
201200026832,0,30,0,0.0,2.0,1.0,1.0,A01
201200025920,0,7,0,1.0,2.0,7.0,1.0,B01